"Reference","Footprint","Qty","DNP","DigikeyPN"
"BT1","ECG_Footprints:BAT_BS-3","1","","BS-3-ND"
"C1","Capacitor_SMD:C_0603_1608Metric","1","","1276-1941-1-ND"
"C2","Capacitor_THT:C_Rect_L7.2mm_W5.5mm_P5.00mm_FKS2_FKP2_MKS2_MKP2","1","",""
"C3","Capacitor_SMD:C_0603_1608Metric","1","","1276-1941-1-ND"
"C4","Capacitor_SMD:C_0603_1608Metric","1","","1276-1941-1-ND"
"C5","Capacitor_SMD:C_0603_1608Metric","1","","1276-1018-1-ND"
"C6","Capacitor_THT:C_Rect_L7.2mm_W5.5mm_P5.00mm_FKS2_FKP2_MKS2_MKP2","1","",""
"C7","Capacitor_THT:C_Rect_L7.2mm_W5.5mm_P5.00mm_FKS2_FKP2_MKS2_MKP2","1","",""
"C8","Capacitor_SMD:C_0603_1608Metric","1","","1276-1018-1-ND"
"C9","Capacitor_SMD:C_0603_1608Metric","1","","1276-1018-1-ND"
"C10","Capacitor_SMD:C_0603_1608Metric","1","","1276-1018-1-ND"
"C11","Capacitor_SMD:C_0603_1608Metric","1","","1276-1018-1-ND"
"C12","Capacitor_SMD:C_0603_1608Metric","1","","1276-1941-1-ND"
"C13","Capacitor_SMD:C_0603_1608Metric","1","","1276-1941-1-ND"
"C14","Capacitor_SMD:C_0603_1608Metric","1","","1276-1941-1-ND"
"C21","Capacitor_THT:C_Rect_L7.2mm_W5.5mm_P5.00mm_FKS2_FKP2_MKS2_MKP2","1","DNP",""
"C22","Capacitor_THT:C_Rect_L7.2mm_W5.5mm_P5.00mm_FKS2_FKP2_MKS2_MKP2","1","DNP",""
"D1","LED_SMD:LED_0603_1608Metric","1","","732-4978-2-ND"
"D2","Diode_SMD:D_SOD-123F","1","","CRS01QCT-ND"
"D3","Diode_SMD:D_SOD-123F","1","","CRS01QCT-ND"
"D4","LED_SMD:LED_0603_1608Metric","1","","732-4978-2-ND"
"J1","Connector_PinHeader_2.54mm:PinHeader_1x03_P2.54mm_Vertical","1","","732-5316-ND"
"J2","Connector_PinHeader_2.54mm:PinHeader_1x03_P2.54mm_Vertical","1","","732-5316-ND"
"J3","Connector_PinHeader_2.54mm:PinHeader_1x15_P2.54mm_Vertical","1","","2057-PH1-15-UA-ND"
"J4","Connector_PinHeader_2.54mm:PinHeader_1x15_P2.54mm_Vertical","1","","2057-PH1-15-UA-ND"
"J5","ECG_Footprints:691137710002","1","","36-232-ND"
"J6","Connector_PinHeader_2.54mm:PinHeader_1x02_P2.54mm_Vertical","1","","2057-PH1-02-UA-ND"
"J7","Connector_PinHeader_2.54mm:PinHeader_1x02_P2.54mm_Vertical","1","","2057-PH1-02-UA-ND"
"J8","Connector_PinHeader_2.54mm:PinHeader_1x02_P2.54mm_Vertical","1","","2057-PH1-02-UA-ND"
"J9","Connector_PinHeader_2.54mm:PinHeader_1x15_P2.54mm_Vertical","1","","PPPC151LFBN-RC"
"J10","Connector_PinHeader_2.54mm:PinHeader_1x15_P2.54mm_Vertical","1","","PPPC151LFBN-RC"
"J11","","1","","S9341-ND"
"J12","","1","","S9341-ND"
"J13","","1","","S9341-ND"
"J14","","1","","S9341-ND"
"J15","","1","","S9341-ND"
"Q1","Package_TO_SOT_SMD:SOT-23","1","","DMG2301L-7DICT-ND"
"Q2","Package_TO_SOT_SMD:SOT-23","1","","T2N7002AKLMCT-ND"
"Q3","Package_TO_SOT_SMD:SOT-23","1","","T2N7002AKLMCT-ND"
"Q4","Package_TO_SOT_SMD:SOT-23","1","","T2N7002AKLMCT-ND"
"Q5","Package_TO_SOT_SMD:SOT-23","1","","T2N7002AKLMCT-ND"
"R1","Resistor_SMD:R_0603_1608Metric","1","","RMCF0603JJ1K00CT-ND"
"R2","Resistor_SMD:R_0603_1608Metric","1","DNP","RMCF0603FT1M00CT-ND"
"R3","Resistor_SMD:R_0603_1608Metric","1","","RMCF0603FT220KCT-ND"
"R4","Resistor_SMD:R_0603_1608Metric","1","","RMCF0603FT220KCT-ND"
"R5","Resistor_SMD:R_0603_1608Metric","1","","RMCF0603FT10M0CT-ND"
"R6","Resistor_SMD:R_0603_1608Metric","1","","RMCF0603FT10M0CT-ND"
"R7","Resistor_SMD:R_0603_1608Metric","1","","RMCF0603FT10M0CT-ND"
"R8","Resistor_SMD:R_0603_1608Metric","1","","RMCF0603FT10M0CT-ND"
"R9","Resistor_SMD:R_0603_1608Metric","1","","RMCF0603FT10M0CT-ND"
"R10","Resistor_SMD:R_0603_1608Metric","1","","RMCF0603FT330KCT-ND"
"R11","Resistor_THT:R_Axial_DIN0207_L6.3mm_D2.5mm_P2.54mm_Vertical","1","","RMCF0603FT470KCT-ND"
"R12","Resistor_SMD:R_0603_1608Metric","1","","RMCF0603FT100KCT-ND"
"R13","Resistor_SMD:R_0603_1608Metric","1","","RMCF0603FT1M00CT-ND"
"R14","Resistor_THT:R_Axial_DIN0207_L6.3mm_D2.5mm_P2.54mm_Vertical","1","",""
"R15","Resistor_SMD:R_0603_1608Metric","1","","RMCF0603FT1M00CT-ND"
"R16","Resistor_SMD:R_0603_1608Metric","1","","RMCF0603FT1M00CT-ND"
"R17","Resistor_SMD:R_0603_1608Metric","1","","RMCF0603FT10M0CT-ND"
"R18","Resistor_SMD:R_0603_1608Metric","1","","RMCF0603FT6K80CT-ND"
"R22","Resistor_THT:R_Axial_DIN0207_L6.3mm_D2.5mm_P2.54mm_Vertical","1","DNP",""
"S1","ECG_Footprints:SW_SLW-118562-4A-N-D","1","","2223-SLW-118562-4A-N-D-ND"
"TP1","TestPoint:TestPoint_Keystone_5000-5004_Miniature","1","",""
"TP2","TestPoint:TestPoint_Keystone_5000-5004_Miniature","1","",""
"TP3","TestPoint:TestPoint_Keystone_5000-5004_Miniature","1","",""
"TP4","TestPoint:TestPoint_Keystone_5000-5004_Miniature","1","",""
"TP5","TestPoint:TestPoint_Keystone_5000-5004_Miniature","1","",""
"TP6","TestPoint:TestPoint_Keystone_5000-5004_Miniature","1","",""
"TP7","TestPoint:TestPoint_Keystone_5000-5004_Miniature","1","",""
"TP8","TestPoint:TestPoint_Keystone_5000-5004_Miniature","1","",""
"TP9","ECG_Footprints:RefPad","1","",""
"TP10","ECG_Footprints:FingerPad","1","",""
"TP11","ECG_Footprints:FingerPad","1","",""
"U1","ECG_Footprints:CP_20_10_ADI","1","","505-AD8232ACPZ-R7CT-ND"
"U3","ECG_Footprints:DIP30-ArduinoNano","1","",""
